,observation_date,AHETPI
0,1964-01-01,2.5
1,1964-02-01,2.5
2,1964-03-01,2.51
3,1964-04-01,2.52
4,1964-05-01,2.52
5,1964-06-01,2.53
6,1964-07-01,2.54
7,1964-08-01,2.55
8,1964-09-01,2.56
9,1964-10-01,2.55
10,1964-11-01,2.56
11,1964-12-01,2.58
12,1965-01-01,2.58
13,1965-02-01,2.59
14,1965-03-01,2.61
15,1965-04-01,2.6
16,1965-05-01,2.62
17,1965-06-01,2.63
18,1965-07-01,2.63
19,1965-08-01,2.64
20,1965-09-01,2.65
21,1965-10-01,2.66
22,1965-11-01,2.67
23,1965-12-01,2.67
24,1966-01-01,2.68
25,1966-02-01,2.69
26,1966-03-01,2.7
27,1966-04-01,2.71
28,1966-05-01,2.72
29,1966-06-01,2.73
30,1966-07-01,2.74
31,1966-08-01,2.75
32,1966-09-01,2.76
33,1966-10-01,2.77
34,1966-11-01,2.78
35,1966-12-01,2.78
36,1967-01-01,2.8
37,1967-02-01,2.81
38,1967-03-01,2.81
39,1967-04-01,2.82
40,1967-05-01,2.83
41,1967-06-01,2.85
42,1967-07-01,2.86
43,1967-08-01,2.88
44,1967-09-01,2.88
45,1967-10-01,2.89
46,1967-11-01,2.91
47,1967-12-01,2.92
48,1968-01-01,2.94
49,1968-02-01,2.95
50,1968-03-01,2.97
51,1968-04-01,2.99
52,1968-05-01,3.0
53,1968-06-01,3.01
54,1968-07-01,3.03
55,1968-08-01,3.04
56,1968-09-01,3.07
57,1968-10-01,3.08
58,1968-11-01,3.1
59,1968-12-01,3.11
60,1969-01-01,3.12
61,1969-02-01,3.14
62,1969-03-01,3.16
63,1969-04-01,3.18
64,1969-05-01,3.19
65,1969-06-01,3.21
66,1969-07-01,3.22
67,1969-08-01,3.24
68,1969-09-01,3.26
69,1969-10-01,3.28
70,1969-11-01,3.3
71,1969-12-01,3.31
72,1970-01-01,3.31
73,1970-02-01,3.33
74,1970-03-01,3.36
75,1970-04-01,3.36
76,1970-05-01,3.37
77,1970-06-01,3.4
78,1970-07-01,3.41
79,1970-08-01,3.44
80,1970-09-01,3.45
81,1970-10-01,3.45
82,1970-11-01,3.47
83,1970-12-01,3.5
84,1971-01-01,3.53
85,1971-02-01,3.55
86,1971-03-01,3.56
87,1971-04-01,3.58
88,1971-05-01,3.61
89,1971-06-01,3.62
90,1971-07-01,3.63
91,1971-08-01,3.66
92,1971-09-01,3.67
93,1971-10-01,3.68
94,1971-11-01,3.7
95,1971-12-01,3.73
96,1972-01-01,3.8
97,1972-02-01,3.82
98,1972-03-01,3.84
99,1972-04-01,3.86
100,1972-05-01,3.88
101,1972-06-01,3.88
102,1972-07-01,3.9
103,1972-08-01,3.92
104,1972-09-01,3.94
105,1972-10-01,3.97
106,1972-11-01,3.99
107,1972-12-01,4.0
108,1973-01-01,4.03
109,1973-02-01,4.05
110,1973-03-01,4.06
111,1973-04-01,4.09
112,1973-05-01,4.1
113,1973-06-01,4.12
114,1973-07-01,4.15
115,1973-08-01,4.16
116,1973-09-01,4.2
117,1973-10-01,4.21
118,1973-11-01,4.24
119,1973-12-01,4.25
120,1974-01-01,4.27
121,1974-02-01,4.29
122,1974-03-01,4.32
123,1974-04-01,4.33
124,1974-05-01,4.4
125,1974-06-01,4.44
126,1974-07-01,4.45
127,1974-08-01,4.49
128,1974-09-01,4.53
129,1974-10-01,4.56
130,1974-11-01,4.57
131,1974-12-01,4.6
132,1975-01-01,4.61
133,1975-02-01,4.64
134,1975-03-01,4.67
135,1975-04-01,4.67
136,1975-05-01,4.69
137,1975-06-01,4.72
138,1975-07-01,4.74
139,1975-08-01,4.78
140,1975-09-01,4.79
141,1975-10-01,4.82
142,1975-11-01,4.86
143,1975-12-01,4.87
144,1976-01-01,4.9
145,1976-02-01,4.93
146,1976-03-01,4.95
147,1976-04-01,4.98
148,1976-05-01,5.01
149,1976-06-01,5.03
150,1976-07-01,5.06
151,1976-08-01,5.11
152,1976-09-01,5.14
153,1976-10-01,5.16
154,1976-11-01,5.21
155,1976-12-01,5.23
156,1977-01-01,5.26
157,1977-02-01,5.3
158,1977-03-01,5.32
159,1977-04-01,5.36
160,1977-05-01,5.4
161,1977-06-01,5.42
162,1977-07-01,5.46
163,1977-08-01,5.48
164,1977-09-01,5.51
165,1977-10-01,5.55
166,1977-11-01,5.58
167,1977-12-01,5.61
168,1978-01-01,5.66
169,1978-02-01,5.69
170,1978-03-01,5.73
171,1978-04-01,5.79
172,1978-05-01,5.82
173,1978-06-01,5.86
174,1978-07-01,5.9
175,1978-08-01,5.92
176,1978-09-01,5.97
177,1978-10-01,6.02
178,1978-11-01,6.05
179,1978-12-01,6.1
180,1979-01-01,6.13
181,1979-02-01,6.18
182,1979-03-01,6.22
183,1979-04-01,6.21
184,1979-05-01,6.27
185,1979-06-01,6.32
186,1979-07-01,6.36
187,1979-08-01,6.4
188,1979-09-01,6.45
189,1979-10-01,6.46
190,1979-11-01,6.51
191,1979-12-01,6.56
192,1980-01-01,6.57
193,1980-02-01,6.63
194,1980-03-01,6.69
195,1980-04-01,6.72
196,1980-05-01,6.76
197,1980-06-01,6.82
198,1980-07-01,6.86
199,1980-08-01,6.91
200,1980-09-01,6.95
201,1980-10-01,7.02
202,1980-11-01,7.09
203,1980-12-01,7.13
204,1981-01-01,7.18
205,1981-02-01,7.23
206,1981-03-01,7.29
207,1981-04-01,7.33
208,1981-05-01,7.37
209,1981-06-01,7.41
210,1981-07-01,7.45
211,1981-08-01,7.52
212,1981-09-01,7.56
213,1981-10-01,7.59
214,1981-11-01,7.63
215,1981-12-01,7.64
216,1982-01-01,7.72
217,1982-02-01,7.72
218,1982-03-01,7.75
219,1982-04-01,7.77
220,1982-05-01,7.84
221,1982-06-01,7.85
222,1982-07-01,7.9
223,1982-08-01,7.94
224,1982-09-01,7.94
225,1982-10-01,7.96
226,1982-11-01,7.98
227,1982-12-01,8.01
228,1983-01-01,8.06
229,1983-02-01,8.09
230,1983-03-01,8.1
231,1983-04-01,8.13
232,1983-05-01,8.17
233,1983-06-01,8.19
234,1983-07-01,8.22
235,1983-08-01,8.2
236,1983-09-01,8.27
237,1983-10-01,8.31
238,1983-11-01,8.31
239,1983-12-01,8.33
240,1984-01-01,8.38
241,1984-02-01,8.38
242,1984-03-01,8.41
243,1984-04-01,8.45
244,1984-05-01,8.45
245,1984-06-01,8.48
246,1984-07-01,8.51
247,1984-08-01,8.51
248,1984-09-01,8.55
249,1984-10-01,8.55
250,1984-11-01,8.57
251,1984-12-01,8.61
252,1985-01-01,8.61
253,1985-02-01,8.64
254,1985-03-01,8.66
255,1985-04-01,8.69
256,1985-05-01,8.7
257,1985-06-01,8.74
258,1985-07-01,8.74
259,1985-08-01,8.76
260,1985-09-01,8.8
261,1985-10-01,8.79
262,1985-11-01,8.81
263,1985-12-01,8.87
264,1986-01-01,8.85
265,1986-02-01,8.88
266,1986-03-01,8.89
267,1986-04-01,8.88
268,1986-05-01,8.9
269,1986-06-01,8.92
270,1986-07-01,8.91
271,1986-08-01,8.94
272,1986-09-01,8.94
273,1986-10-01,8.96
274,1986-11-01,9.01
275,1986-12-01,9.01
276,1987-01-01,9.02
277,1987-02-01,9.05
278,1987-03-01,9.07
279,1987-04-01,9.08
280,1987-05-01,9.11
281,1987-06-01,9.11
282,1987-07-01,9.12
283,1987-08-01,9.18
284,1987-09-01,9.19
285,1987-10-01,9.22
286,1987-11-01,9.27
287,1987-12-01,9.28
288,1988-01-01,9.29
289,1988-02-01,9.29
290,1988-03-01,9.31
291,1988-04-01,9.36
292,1988-05-01,9.41
293,1988-06-01,9.41
294,1988-07-01,9.45
295,1988-08-01,9.46
296,1988-09-01,9.51
297,1988-10-01,9.56
298,1988-11-01,9.58
299,1988-12-01,9.6
300,1989-01-01,9.65
301,1989-02-01,9.68
302,1989-03-01,9.7
303,1989-04-01,9.75
304,1989-05-01,9.74
305,1989-06-01,9.77
306,1989-07-01,9.83
307,1989-08-01,9.83
308,1989-09-01,9.87
309,1989-10-01,9.92
310,1989-11-01,9.93
311,1989-12-01,9.98
312,1990-01-01,10.02
313,1990-02-01,10.07
314,1990-03-01,10.11
315,1990-04-01,10.12
316,1990-05-01,10.16
317,1990-06-01,10.2
318,1990-07-01,10.22
319,1990-08-01,10.24
320,1990-09-01,10.27
321,1990-10-01,10.3
322,1990-11-01,10.32
323,1990-12-01,10.34
324,1991-01-01,10.37
325,1991-02-01,10.39
326,1991-03-01,10.41
327,1991-04-01,10.46
328,1991-05-01,10.5
329,1991-06-01,10.51
330,1991-07-01,10.54
331,1991-08-01,10.56
332,1991-09-01,10.58
333,1991-10-01,10.59
334,1991-11-01,10.61
335,1991-12-01,10.64
336,1992-01-01,10.64
337,1992-02-01,10.66
338,1992-03-01,10.68
339,1992-04-01,10.72
340,1992-05-01,10.74
341,1992-06-01,10.77
342,1992-07-01,10.78
343,1992-08-01,10.81
344,1992-09-01,10.83
345,1992-10-01,10.85
346,1992-11-01,10.86
347,1992-12-01,10.9
348,1993-01-01,10.93
349,1993-02-01,10.95
350,1993-03-01,10.99
351,1993-04-01,10.99
352,1993-05-01,11.01
353,1993-06-01,11.03
354,1993-07-01,11.05
355,1993-08-01,11.07
356,1993-09-01,11.09
357,1993-10-01,11.13
358,1993-11-01,11.15
359,1993-12-01,11.18
360,1994-01-01,11.2
361,1994-02-01,11.25
362,1994-03-01,11.25
363,1994-04-01,11.27
364,1994-05-01,11.29
365,1994-06-01,11.31
366,1994-07-01,11.34
367,1994-08-01,11.36
368,1994-09-01,11.39
369,1994-10-01,11.42
370,1994-11-01,11.45
371,1994-12-01,11.48
372,1995-01-01,11.48
373,1995-02-01,11.52
374,1995-03-01,11.55
375,1995-04-01,11.56
376,1995-05-01,11.59
377,1995-06-01,11.63
378,1995-07-01,11.67
379,1995-08-01,11.69
380,1995-09-01,11.73
381,1995-10-01,11.75
382,1995-11-01,11.78
383,1995-12-01,11.81
384,1996-01-01,11.86
385,1996-02-01,11.87
386,1996-03-01,11.89
387,1996-04-01,11.96
388,1996-05-01,11.98
389,1996-06-01,12.03
390,1996-07-01,12.05
391,1996-08-01,12.1
392,1996-09-01,12.13
393,1996-10-01,12.16
394,1996-11-01,12.2
395,1996-12-01,12.24
396,1997-01-01,12.29
397,1997-02-01,12.31
398,1997-03-01,12.35
399,1997-04-01,12.39
400,1997-05-01,12.43
401,1997-06-01,12.46
402,1997-07-01,12.5
403,1997-08-01,12.57
404,1997-09-01,12.6
405,1997-10-01,12.66
406,1997-11-01,12.71
407,1997-12-01,12.75
408,1998-01-01,12.79
409,1998-02-01,12.83
410,1998-03-01,12.87
411,1998-04-01,12.92
412,1998-05-01,12.97
413,1998-06-01,12.99
414,1998-07-01,13.0
415,1998-08-01,13.07
416,1998-09-01,13.11
417,1998-10-01,13.14
418,1998-11-01,13.17
419,1998-12-01,13.21
420,1999-01-01,13.27
421,1999-02-01,13.3
422,1999-03-01,13.34
423,1999-04-01,13.38
424,1999-05-01,13.42
425,1999-06-01,13.47
426,1999-07-01,13.51
427,1999-08-01,13.53
428,1999-09-01,13.61
429,1999-10-01,13.64
430,1999-11-01,13.66
431,1999-12-01,13.7
432,2000-01-01,13.74
433,2000-02-01,13.8
434,2000-03-01,13.85
435,2000-04-01,13.89
436,2000-05-01,13.94
437,2000-06-01,13.98
438,2000-07-01,14.02
439,2000-08-01,14.07
440,2000-09-01,14.12
441,2000-10-01,14.17
442,2000-11-01,14.23
443,2000-12-01,14.29
444,2001-01-01,14.29
445,2001-02-01,14.36
446,2001-03-01,14.42
447,2001-04-01,14.44
448,2001-05-01,14.5
449,2001-06-01,14.54
450,2001-07-01,14.55
451,2001-08-01,14.6
452,2001-09-01,14.62
453,2001-10-01,14.66
454,2001-11-01,14.72
455,2001-12-01,14.74
456,2002-01-01,14.76
457,2002-02-01,14.78
458,2002-03-01,14.83
459,2002-04-01,14.84
460,2002-05-01,14.88
461,2002-06-01,14.93
462,2002-07-01,14.97
463,2002-08-01,15.02
464,2002-09-01,15.05
465,2002-10-01,15.12
466,2002-11-01,15.15
467,2002-12-01,15.2
468,2003-01-01,15.22
469,2003-02-01,15.28
470,2003-03-01,15.27
471,2003-04-01,15.28
472,2003-05-01,15.33
473,2003-06-01,15.36
474,2003-07-01,15.4
475,2003-08-01,15.42
476,2003-09-01,15.42
477,2003-10-01,15.42
478,2003-11-01,15.46
479,2003-12-01,15.47
480,2004-01-01,15.51
481,2004-02-01,15.53
482,2004-03-01,15.56
483,2004-04-01,15.59
484,2004-05-01,15.63
485,2004-06-01,15.67
486,2004-07-01,15.69
487,2004-08-01,15.73
488,2004-09-01,15.78
489,2004-10-01,15.81
490,2004-11-01,15.84
491,2004-12-01,15.86
492,2005-01-01,15.9
493,2005-02-01,15.93
494,2005-03-01,15.97
495,2005-04-01,16.01
496,2005-05-01,16.03
497,2005-06-01,16.08
498,2005-07-01,16.15
499,2005-08-01,16.17
500,2005-09-01,16.19
501,2005-10-01,16.28
502,2005-11-01,16.3
503,2005-12-01,16.36
504,2006-01-01,16.42
505,2006-02-01,16.48
506,2006-03-01,16.54
507,2006-04-01,16.63
508,2006-05-01,16.66
509,2006-06-01,16.72
510,2006-07-01,16.78
511,2006-08-01,16.82
512,2006-09-01,16.87
513,2006-10-01,16.93
514,2006-11-01,16.98
515,2006-12-01,17.05
516,2007-01-01,17.09
517,2007-02-01,17.16
518,2007-03-01,17.22
519,2007-04-01,17.27
520,2007-05-01,17.34
521,2007-06-01,17.41
522,2007-07-01,17.46
523,2007-08-01,17.5
524,2007-09-01,17.55
525,2007-10-01,17.58
526,2007-11-01,17.63
527,2007-12-01,17.68
528,2008-01-01,17.74
529,2008-02-01,17.8
530,2008-03-01,17.88
531,2008-04-01,17.92
532,2008-05-01,17.98
533,2008-06-01,18.04
534,2008-07-01,18.1
535,2008-08-01,18.18
536,2008-09-01,18.2
537,2008-10-01,18.25
538,2008-11-01,18.31
539,2008-12-01,18.39
540,2009-01-01,18.39
541,2009-02-01,18.44
542,2009-03-01,18.5
543,2009-04-01,18.52
544,2009-05-01,18.53
545,2009-06-01,18.56
546,2009-07-01,18.59
547,2009-08-01,18.67
548,2009-09-01,18.7
549,2009-10-01,18.74
550,2009-11-01,18.8
551,2009-12-01,18.84
552,2010-01-01,18.88
553,2010-02-01,18.91
554,2010-03-01,18.92
555,2010-04-01,18.96
556,2010-05-01,19.01
557,2010-06-01,19.03
558,2010-07-01,19.04
559,2010-08-01,19.11
560,2010-09-01,19.11
561,2010-10-01,19.21
562,2010-11-01,19.21
563,2010-12-01,19.23
564,2011-01-01,19.33
565,2011-02-01,19.31
566,2011-03-01,19.3
567,2011-04-01,19.36
568,2011-05-01,19.41
569,2011-06-01,19.41
570,2011-07-01,19.48
571,2011-08-01,19.47
572,2011-09-01,19.49
573,2011-10-01,19.56
574,2011-11-01,19.56
575,2011-12-01,19.57
576,2012-01-01,19.59
577,2012-02-01,19.58
578,2012-03-01,19.64
579,2012-04-01,19.67
580,2012-05-01,19.68
581,2012-06-01,19.71
582,2012-07-01,19.75
583,2012-08-01,19.74
584,2012-09-01,19.79
585,2012-10-01,19.79
586,2012-11-01,19.85
587,2012-12-01,19.91
588,2013-01-01,19.94
589,2013-02-01,19.99
590,2013-03-01,20.01
591,2013-04-01,20.04
592,2013-05-01,20.04
593,2013-06-01,20.13
594,2013-07-01,20.14
595,2013-08-01,20.17
596,2013-09-01,20.23
597,2013-10-01,20.25
598,2013-11-01,20.31
599,2013-12-01,20.34
600,2014-01-01,20.39
601,2014-02-01,20.51
602,2014-03-01,20.5
603,2014-04-01,20.52
604,2014-05-01,20.53
605,2014-06-01,20.6
606,2014-07-01,20.61
607,2014-08-01,20.66
608,2014-09-01,20.66
609,2014-10-01,20.7
610,2014-11-01,20.77
611,2014-12-01,20.71
612,2015-01-01,20.8
613,2015-02-01,20.84
614,2015-03-01,20.91
615,2015-04-01,20.92
616,2015-05-01,20.98
617,2015-06-01,21.0
618,2015-07-01,21.03
619,2015-08-01,21.11
620,2015-09-01,21.09
621,2015-10-01,21.19
622,2015-11-01,21.21
623,2015-12-01,21.23
624,2016-01-01,21.31
625,2016-02-01,21.33
626,2016-03-01,21.39
627,2016-04-01,21.46
628,2016-05-01,21.47
629,2016-06-01,21.52
630,2016-07-01,21.58
631,2016-08-01,21.6
632,2016-09-01,21.62
633,2016-10-01,21.71
634,2016-11-01,21.72
635,2016-12-01,21.76
636,2017-01-01,21.82
637,2017-02-01,21.84
638,2017-03-01,21.88
639,2017-04-01,21.94
640,2017-05-01,21.97
641,2017-06-01,22.02
642,2017-07-01,22.07
643,2017-08-01,22.1
644,2017-09-01,22.18
645,2017-10-01,22.18
646,2017-11-01,22.23
647,2017-12-01,22.3
648,2018-01-01,22.36
649,2018-02-01,22.41
650,2018-03-01,22.49
651,2018-04-01,22.55
652,2018-05-01,22.6
653,2018-06-01,22.66
654,2018-07-01,22.7
655,2018-08-01,22.78
656,2018-09-01,22.86
657,2018-10-01,22.89
658,2018-11-01,23.0
659,2018-12-01,23.11
660,2019-01-01,23.13
661,2019-02-01,23.19
662,2019-03-01,23.29
663,2019-04-01,23.33
664,2019-05-01,23.4
665,2019-06-01,23.48
666,2019-07-01,23.53
667,2019-08-01,23.61
668,2019-09-01,23.68
669,2019-10-01,23.75
670,2019-11-01,23.83
671,2019-12-01,23.84
672,2020-01-01,23.91
673,2020-02-01,24.03
674,2020-03-01,24.13
675,2020-04-01,25.14
676,2020-05-01,24.98
677,2020-06-01,24.78
678,2020-07-01,24.69
679,2020-08-01,24.8
680,2020-09-01,24.82
681,2020-10-01,24.84
682,2020-11-01,24.95
683,2020-12-01,25.17
684,2021-01-01,25.17
685,2021-02-01,25.26
686,2021-03-01,25.35
687,2021-04-01,25.51
688,2021-05-01,25.68
689,2021-06-01,25.81
690,2021-07-01,25.96
691,2021-08-01,26.11
692,2021-09-01,26.3
693,2021-10-01,26.46
694,2021-11-01,26.56
695,2021-12-01,26.76
696,2022-01-01,26.91
697,2022-02-01,26.98
698,2022-03-01,27.12
699,2022-04-01,27.28
700,2022-05-01,27.4
701,2022-06-01,27.53
702,2022-07-01,27.66
703,2022-08-01,27.74
704,2022-09-01,27.85
705,2022-10-01,28.0
706,2022-11-01,28.12
707,2022-12-01,28.23
708,2023-01-01,28.31
709,2023-02-01,28.43
710,2023-03-01,28.59
711,2023-04-01,28.69
712,2023-05-01,28.78
713,2023-06-01,28.89
714,2023-07-01,29.02
715,2023-08-01,29.06
716,2023-09-01,29.16
717,2023-10-01,29.27
718,2023-11-01,29.38
719,2023-12-01,29.48
720,2024-01-01,29.61
721,2024-02-01,29.67
722,2024-03-01,29.8
723,2024-04-01,29.85
724,2024-05-01,29.97
725,2024-06-01,30.07
726,2024-07-01,30.17
727,2024-08-01,30.27
728,2024-09-01,30.38
729,2024-10-01,30.49
730,2024-11-01,30.58
731,2024-12-01,30.67
732,2025-01-01,30.8
733,2025-02-01,30.91
734,2025-03-01,30.97
735,2025-04-01,31.06
736,2025-05-01,31.18
